{"cameraMode":{"drawMode":0,"name":"Shaded","section":"Shading Mode"},"sceneLighting":true,"audioPlay":false,"sceneViewState":{"showFog":true,"showMaterialUpdate":false,"showSkybox":true,"showFlares":true,"showImageEffects":true,"showParticleSystems":true},"in2DMode":false,"pivot":{"x":4.98239278793335,"y":-0.36388957500457766,"z":4.377025604248047},"rotation":{"x":0.36910274624824526,"y":0.45658984780311587,"z":-0.21602006256580354,"w":0.7801437377929688},"size":10.634257316589356,"orthographic":false}