{"cameraMode":{"drawMode":0,"name":"Shaded","section":"Shading Mode"},"sceneLighting":true,"audioPlay":false,"sceneViewState":{"showFog":true,"showMaterialUpdate":false,"showSkybox":true,"showFlares":true,"showImageEffects":true,"showParticleSystems":true},"in2DMode":false,"pivot":{"x":2.311021327972412,"y":-4.926793098449707,"z":-2.226060152053833},"rotation":{"x":0.36910274624824526,"y":0.45658984780311587,"z":-0.21602006256580354,"w":0.7801437377929688},"size":24.34419059753418,"orthographic":false}