{"cameraMode":{"drawMode":0,"name":"Shaded","section":"Shading Mode"},"sceneLighting":true,"audioPlay":false,"sceneViewState":{"showFog":true,"showMaterialUpdate":false,"showSkybox":true,"showFlares":true,"showImageEffects":true,"showParticleSystems":true},"in2DMode":false,"pivot":{"x":2.7006266117095949,"y":-3.87697696685791,"z":2.5602805614471437},"rotation":{"x":0.4454505145549774,"y":0.3412390947341919,"z":-0.18860065937042237,"w":0.8059526085853577},"size":22.10779571533203,"orthographic":false}