{"cameraMode":{"drawMode":0,"name":"Shaded","section":"Shading Mode"},"sceneLighting":true,"audioPlay":false,"sceneViewState":{"showFog":true,"showMaterialUpdate":false,"showSkybox":true,"showFlares":true,"showImageEffects":true,"showParticleSystems":true},"in2DMode":false,"pivot":{"x":-4.504895210266113,"y":-0.29335594177246096,"z":2.9307971000671388},"rotation":{"x":0.0669645369052887,"y":-0.8797503709793091,"z":0.45233607292175295,"w":0.1302613914012909},"size":11.777050971984864,"orthographic":false}