{"cameraMode":{"drawMode":0,"name":"Shaded","section":"Shading Mode"},"sceneLighting":true,"audioPlay":false,"sceneViewState":{"showFog":true,"showMaterialUpdate":false,"showSkybox":true,"showFlares":true,"showImageEffects":true,"showParticleSystems":true},"in2DMode":false,"pivot":{"x":2.111762762069702,"y":-0.09057336300611496,"z":2.3966805934906008},"rotation":{"x":0.1975189596414566,"y":-0.8015725612640381,"z":0.41976800560951235,"w":0.3771771490573883},"size":13.50088119506836,"orthographic":false}